,user_input,retrieved_contexts,response,reference,answer_relevancy,context_precision,faithfulness,context_recall,answer_correctness
0,Please tell me some representative examples of Database applications.,"['What are five main functions of a database administrator?\n\n# 1.14\n\nExplain the difference between two-tier and three-tier architectures. Which is better suited for Web applications? Why?\n\n# 1.15\n\nDescribe at least 3 tables that might be used to store information in a social-networking system such as Facebook.\n\n# Tools\n\nThere are a large number of commercial database systems in use today. The major ones include: IBM DB2 (www.ibm.com/software/data/db2), Oracle (www.oracle.com), Microsoft SQL Server (www.microsoft.com/sql), Sybase (www.sybase.com), and IBM Informix (www.ibm.com/software/data/informix). Some of these systems are available.', 'What are five main functions of a database administrator?\n\n# 1.14\n\nExplain the difference between two-tier and three-tier architectures. Which is better suited for Web applications? Why?\n\n# 1.15\n\nDescribe at least 3 tables that might be used to store information in a social-networking system such as Facebook.\n\n# Tools\n\nThere are a large number of commercial database systems in use today. The major ones include: IBM DB2 (www.ibm.com/software/data/db2), Oracle (www.oracle.com), Microsoft SQL Server (www.microsoft.com/sql), Sybase (www.sybase.com), and IBM Informix (www.ibm.com/software/data/informix). Some of these systems are available.', 'What are five main functions of a database administrator?\n\n# 1.14\n\nExplain the difference between two-tier and three-tier architectures. Which is better suited for Web applications? Why?\n\n# 1.15\n\nDescribe at least 3 tables that might be used to store information in a social-networking system such as Facebook.\n\n# Tools\n\nThere are a large number of commercial database systems in use today. The major ones include: IBM DB2 (www.ibm.com/software/data/db2), Oracle (www.oracle.com), Microsoft SQL Server (www.microsoft.com/sql), Sybase (www.sybase.com), and IBM Informix (www.ibm.com/software/data/informix). Some of these systems are available.', 'What are five main functions of a database administrator?\n\n# 1.14\n\nExplain the difference between two-tier and three-tier architectures. Which is better suited for Web applications? Why?\n\n# 1.15\n\nDescribe at least 3 tables that might be used to store information in a social-networking system such as Facebook.\n\n# Tools\n\nThere are a large number of commercial database systems in use today. The major ones include: IBM DB2 (www.ibm.com/software/data/db2), Oracle (www.oracle.com), Microsoft SQL Server (www.microsoft.com/sql), Sybase (www.sybase.com), and IBM Informix (www.ibm.com/software/data/informix). Some of these systems are available.', 'What are five main functions of a database administrator?\n\n# 1.14\n\nExplain the difference between two-tier and three-tier architectures. Which is better suited for Web applications? Why?\n\n# 1.15\n\nDescribe at least 3 tables that might be used to store information in a social-networking system such as Facebook.\n\n# Tools\n\nThere are a large number of commercial database systems in use today. The major ones include: IBM DB2 (www.ibm.com/software/data/db2), Oracle (www.oracle.com), Microsoft SQL Server (www.microsoft.com/sql), Sybase (www.sybase.com), and IBM Informix (www.ibm.com/software/data/informix). Some of these systems are available.', 'What are five main functions of a database administrator?\n\n# 1.14\n\nExplain the difference between two-tier and three-tier architectures. Which is better suited for Web applications? Why?\n\n# 1.15\n\nDescribe at least 3 tables that might be used to store information in a social-networking system such as Facebook.\n\n# Tools\n\nThere are a large number of commercial database systems in use today. The major ones include: IBM DB2 (www.ibm.com/software/data/db2), Oracle (www.oracle.com), Microsoft SQL Server (www.microsoft.com/sql), Sybase (www.sybase.com), and IBM Informix (www.ibm.com/software/data/informix). Some of these systems are available.']","Some representative examples of database applications include customer relationship management (CRM) systems, enterprise resource planning (ERP) systems, online transaction processing (OLTP) systems, content management systems (CMS), and e-commerce platforms. These applications rely on databases to store, manage, and retrieve data efficiently. Examples include Salesforce (CRM), SAP (ERP), and Amazon's e-commerce platform.","Database can be used for Enterprise Information, Banking and Finance, Universities, Airlines and Telecommunication so on.",0.9715061222547225,0.0,0.0,1.0,0.21600812376322848
1,What kinds of data storage is used in 1950s?,"['- Late 1960s and 1970s: Widespread use of hard disks in the late 1960s changed the scenario for data processing greatly, since hard disks allowed direct access to data. The position of data on disk was immaterial, since any location on disk could be accessed in just tens of milliseconds. Data were thus freed from', '- Late 1960s and 1970s: Widespread use of hard disks in the late 1960s changed the scenario for data processing greatly, since hard disks allowed direct access to data. The position of data on disk was immaterial, since any location on disk could be accessed in just tens of milliseconds. Data were thus freed from', '- Late 1960s and 1970s: Widespread use of hard disks in the late 1960s changed the scenario for data processing greatly, since hard disks allowed direct access to data. The position of data on disk was immaterial, since any location on disk could be accessed in just tens of milliseconds. Data were thus freed from', '- Late 1960s and 1970s: Widespread use of hard disks in the late 1960s changed the scenario for data processing greatly, since hard disks allowed direct access to data. The position of data on disk was immaterial, since any location on disk could be accessed in just tens of milliseconds. Data were thus freed from', '- Late 1960s and 1970s: Widespread use of hard disks in the late 1960s changed the scenario for data processing greatly, since hard disks allowed direct access to data. The position of data on disk was immaterial, since any location on disk could be accessed in just tens of milliseconds. Data were thus freed from', '- Late 1960s and 1970s: Widespread use of hard disks in the late 1960s changed the scenario for data processing greatly, since hard disks allowed direct access to data. The position of data on disk was immaterial, since any location on disk could be accessed in just tens of milliseconds. Data were thus freed from']","In the 1950s, data storage primarily relied on magnetic tape and punched cards. These methods were sequential in nature, meaning data had to be accessed in a specific order. Hard disks were not yet in widespread use during this time.","Magnetic tapes were developed for data storage. Data processing tasks such as payroll were automated, with data stored on tapes.",0.950452052823798,0.0,0.0,0.0,0.5575140708265146
2,Relational model concept is defined by whom? Please tell me his/her name.,"['- Relational Model. The relational model uses a collection of tables to represent both data and the relationships among those data. Each table has multiple columns, and each column has a unique name. Tables are also known as relations. The relational model is an example of a record-based model. Record-based models are so named because the database is structured in fixed-format records of several types. Each table contains records of a particular type. Each record type defines a fixed number of fields, or attributes. The columns of the table correspond to the attributes of the record type. The relational data model is the most widely used data model, and a vast majority of current database systems are based on the relational model. Chapters 2 through 8 cover the relational model in detail.', '- Relational Model. The relational model uses a collection of tables to represent both data and the relationships among those data. Each table has multiple columns, and each column has a unique name. Tables are also known as relations. The relational model is an example of a record-based model. Record-based models are so named because the database is structured in fixed-format records of several types. Each table contains records of a particular type. Each record type defines a fixed number of fields, or attributes. The columns of the table correspond to the attributes of the record type. The relational data model is the most widely used data model, and a vast majority of current database systems are based on the relational model. Chapters 2 through 8 cover the relational model in detail.', '- Relational Model. The relational model uses a collection of tables to represent both data and the relationships among those data. Each table has multiple columns, and each column has a unique name. Tables are also known as relations. The relational model is an example of a record-based model. Record-based models are so named because the database is structured in fixed-format records of several types. Each table contains records of a particular type. Each record type defines a fixed number of fields, or attributes. The columns of the table correspond to the attributes of the record type. The relational data model is the most widely used data model, and a vast majority of current database systems are based on the relational model. Chapters 2 through 8 cover the relational model in detail.', '- Relational Model. The relational model uses a collection of tables to represent both data and the relationships among those data. Each table has multiple columns, and each column has a unique name. Tables are also known as relations. The relational model is an example of a record-based model. Record-based models are so named because the database is structured in fixed-format records of several types. Each table contains records of a particular type. Each record type defines a fixed number of fields, or attributes. The columns of the table correspond to the attributes of the record type. The relational data model is the most widely used data model, and a vast majority of current database systems are based on the relational model. Chapters 2 through 8 cover the relational model in detail.', '- Relational Model. The relational model uses a collection of tables to represent both data and the relationships among those data. Each table has multiple columns, and each column has a unique name. Tables are also known as relations. The relational model is an example of a record-based model. Record-based models are so named because the database is structured in fixed-format records of several types. Each table contains records of a particular type. Each record type defines a fixed number of fields, or attributes. The columns of the table correspond to the attributes of the record type. The relational data model is the most widely used data model, and a vast majority of current database systems are based on the relational model. Chapters 2 through 8 cover the relational model in detail.', '- Relational Model. The relational model uses a collection of tables to represent both data and the relationships among those data. Each table has multiple columns, and each column has a unique name. Tables are also known as relations. The relational model is an example of a record-based model. Record-based models are so named because the database is structured in fixed-format records of several types. Each table contains records of a particular type. Each record type defines a fixed number of fields, or attributes. The columns of the table correspond to the attributes of the record type. The relational data model is the most widely used data model, and a vast majority of current database systems are based on the relational model. Chapters 2 through 8 cover the relational model in detail.']",The relational model concept was defined by Edgar F. Codd.,"A landmark paper by Codd [1970] defined the relational model and nonprocedural ways of querying data in the relational model, and relational databases were born.",0.9136994998827673,0.9999999999833333,0.0,1.0,0.5236992488583662
3,What is DML and DDL?,"['# Chapter 1\n\n# Introduction\n\nIn practice, the data-definition and data-manipulation languages are not two separate languages; instead they simply form parts of a single database language, such as the widely used SQL language.\n\n# 1.4.1 Data-Manipulation Language\n\nA data-manipulation language (DML) is a language that enables users to access or manipulate data as organized by the appropriate data model. The types of access are:\n\n- Retrieval of information stored in the database\n- Insertion of new information into the database\n- Deletion of information from the database\n- Modification of information stored in the database\n\nThere are basically two types:\n\n- Procedural DMLs require a user to specify what data are needed and how to get those data.\n- Declarative DMLs (also referred to as nonprocedural DMLs) require a user to specify what data are needed without specifying how to get those data.', '# Chapter 1\n\n# Introduction\n\nIn practice, the data-definition and data-manipulation languages are not two separate languages; instead they simply form parts of a single database language, such as the widely used SQL language.\n\n# 1.4.1 Data-Manipulation Language\n\nA data-manipulation language (DML) is a language that enables users to access or manipulate data as organized by the appropriate data model. The types of access are:\n\n- Retrieval of information stored in the database\n- Insertion of new information into the database\n- Deletion of information from the database\n- Modification of information stored in the database\n\nThere are basically two types:\n\n- Procedural DMLs require a user to specify what data are needed and how to get those data.\n- Declarative DMLs (also referred to as nonprocedural DMLs) require a user to specify what data are needed without specifying how to get those data.', '# Chapter 1\n\n# Introduction\n\nIn practice, the data-definition and data-manipulation languages are not two separate languages; instead they simply form parts of a single database language, such as the widely used SQL language.\n\n# 1.4.1 Data-Manipulation Language\n\nA data-manipulation language (DML) is a language that enables users to access or manipulate data as organized by the appropriate data model. The types of access are:\n\n- Retrieval of information stored in the database\n- Insertion of new information into the database\n- Deletion of information from the database\n- Modification of information stored in the database\n\nThere are basically two types:\n\n- Procedural DMLs require a user to specify what data are needed and how to get those data.\n- Declarative DMLs (also referred to as nonprocedural DMLs) require a user to specify what data are needed without specifying how to get those data.', '# Chapter 1\n\n# Introduction\n\nIn practice, the data-definition and data-manipulation languages are not two separate languages; instead they simply form parts of a single database language, such as the widely used SQL language.\n\n# 1.4.1 Data-Manipulation Language\n\nA data-manipulation language (DML) is a language that enables users to access or manipulate data as organized by the appropriate data model. The types of access are:\n\n- Retrieval of information stored in the database\n- Insertion of new information into the database\n- Deletion of information from the database\n- Modification of information stored in the database\n\nThere are basically two types:\n\n- Procedural DMLs require a user to specify what data are needed and how to get those data.\n- Declarative DMLs (also referred to as nonprocedural DMLs) require a user to specify what data are needed without specifying how to get those data.', '# Chapter 1\n\n# Introduction\n\nIn practice, the data-definition and data-manipulation languages are not two separate languages; instead they simply form parts of a single database language, such as the widely used SQL language.\n\n# 1.4.1 Data-Manipulation Language\n\nA data-manipulation language (DML) is a language that enables users to access or manipulate data as organized by the appropriate data model. The types of access are:\n\n- Retrieval of information stored in the database\n- Insertion of new information into the database\n- Deletion of information from the database\n- Modification of information stored in the database\n\nThere are basically two types:\n\n- Procedural DMLs require a user to specify what data are needed and how to get those data.\n- Declarative DMLs (also referred to as nonprocedural DMLs) require a user to specify what data are needed without specifying how to get those data.', '# Chapter 1\n\n# Introduction\n\nIn practice, the data-definition and data-manipulation languages are not two separate languages; instead they simply form parts of a single database language, such as the widely used SQL language.\n\n# 1.4.1 Data-Manipulation Language\n\nA data-manipulation language (DML) is a language that enables users to access or manipulate data as organized by the appropriate data model. The types of access are:\n\n- Retrieval of information stored in the database\n- Insertion of new information into the database\n- Deletion of information from the database\n- Modification of information stored in the database\n\nThere are basically two types:\n\n- Procedural DMLs require a user to specify what data are needed and how to get those data.\n- Declarative DMLs (also referred to as nonprocedural DMLs) require a user to specify what data are needed without specifying how to get those data.']","DML (Data-Manipulation Language) is a language used to access or manipulate data in a database, including retrieval, insertion, deletion, and modification of data. DDL (Data-Definition Language) is used to define and manage the structure of a database, such as creating, altering, and deleting database schemas and objects. Both are typically part of a single database language like SQL.",A data-manipulation language (DML) is a language that enables users to access or manipulate data. And a data-definition language (DDL) is a language for specifying the database schema and as well as other properties of the data.,0.9532980274060691,0.9999999999833333,0.6,0.5,0.7049511574709068
4,Please briefly introduce the disadvantages of managing structural data using the file system.,"['# Practice Exercises\n\n1. 1.1 This chapter has described several major advantages of a database system. What are two disadvantages?\n2. 1.2 List five ways in which the type declaration system of a language such as Java or C++ differs from the data definition language used in a database.', '# Practice Exercises\n\n1. 1.1 This chapter has described several major advantages of a database system. What are two disadvantages?\n2. 1.2 List five ways in which the type declaration system of a language such as Java or C++ differs from the data definition language used in a database.', '# Practice Exercises\n\n1. 1.1 This chapter has described several major advantages of a database system. What are two disadvantages?\n2. 1.2 List five ways in which the type declaration system of a language such as Java or C++ differs from the data definition language used in a database.', '# Practice Exercises\n\n1. 1.1 This chapter has described several major advantages of a database system. What are two disadvantages?\n2. 1.2 List five ways in which the type declaration system of a language such as Java or C++ differs from the data definition language used in a database.', '# Practice Exercises\n\n1. 1.1 This chapter has described several major advantages of a database system. What are two disadvantages?\n2. 1.2 List five ways in which the type declaration system of a language such as Java or C++ differs from the data definition language used in a database.', '# Practice Exercises\n\n1. 1.1 This chapter has described several major advantages of a database system. What are two disadvantages?\n2. 1.2 List five ways in which the type declaration system of a language such as Java or C++ differs from the data definition language used in a database.']","Managing structural data using a file system has several disadvantages, including data redundancy and inconsistency, as there is no centralized control. It also lacks support for complex queries and efficient data retrieval, making it less flexible. Additionally, ensuring data security and integrity is more challenging compared to database systems.","File system may have data redundancy and inconsistency, difficulty in accessing data, data isolation problem, integrity problem, atomcity problem, and concurrent access anomalies.",0.972533004705522,0.0,0.0,1.0,0.6280260959056403
5,Please tell me specifically about the atomity problem in the file system.,"['- Data isolation. Because data are scattered in various files, and files may be in different formats, writing new application programs to retrieve the appropriate data is difficult.\n- Integrity problems. The data values stored in the database must satisfy certain types of consistency constraints. Suppose the university maintains an account for each department, and records the balance amount in each account. Suppose also that the university requires that the account balance of a department may never fall below zero. Developers enforce these constraints in the system by adding appropriate code in the various application programs. However, when new constraints are added, it is difficult to change the programs to enforce them. The problem is compounded when constraints involve several data items from different files.\n- Atomicity problems. A computer system, like any other device, is subject to failure. In many applications, it is crucial that, if a failure occurs, the data', '- Data isolation. Because data are scattered in various files, and files may be in different formats, writing new application programs to retrieve the appropriate data is difficult.\n- Integrity problems. The data values stored in the database must satisfy certain types of consistency constraints. Suppose the university maintains an account for each department, and records the balance amount in each account. Suppose also that the university requires that the account balance of a department may never fall below zero. Developers enforce these constraints in the system by adding appropriate code in the various application programs. However, when new constraints are added, it is difficult to change the programs to enforce them. The problem is compounded when constraints involve several data items from different files.\n- Atomicity problems. A computer system, like any other device, is subject to failure. In many applications, it is crucial that, if a failure occurs, the data', '- Data isolation. Because data are scattered in various files, and files may be in different formats, writing new application programs to retrieve the appropriate data is difficult.\n- Integrity problems. The data values stored in the database must satisfy certain types of consistency constraints. Suppose the university maintains an account for each department, and records the balance amount in each account. Suppose also that the university requires that the account balance of a department may never fall below zero. Developers enforce these constraints in the system by adding appropriate code in the various application programs. However, when new constraints are added, it is difficult to change the programs to enforce them. The problem is compounded when constraints involve several data items from different files.\n- Atomicity problems. A computer system, like any other device, is subject to failure. In many applications, it is crucial that, if a failure occurs, the data', '- Data isolation. Because data are scattered in various files, and files may be in different formats, writing new application programs to retrieve the appropriate data is difficult.\n- Integrity problems. The data values stored in the database must satisfy certain types of consistency constraints. Suppose the university maintains an account for each department, and records the balance amount in each account. Suppose also that the university requires that the account balance of a department may never fall below zero. Developers enforce these constraints in the system by adding appropriate code in the various application programs. However, when new constraints are added, it is difficult to change the programs to enforce them. The problem is compounded when constraints involve several data items from different files.\n- Atomicity problems. A computer system, like any other device, is subject to failure. In many applications, it is crucial that, if a failure occurs, the data', '- Data isolation. Because data are scattered in various files, and files may be in different formats, writing new application programs to retrieve the appropriate data is difficult.\n- Integrity problems. The data values stored in the database must satisfy certain types of consistency constraints. Suppose the university maintains an account for each department, and records the balance amount in each account. Suppose also that the university requires that the account balance of a department may never fall below zero. Developers enforce these constraints in the system by adding appropriate code in the various application programs. However, when new constraints are added, it is difficult to change the programs to enforce them. The problem is compounded when constraints involve several data items from different files.\n- Atomicity problems. A computer system, like any other device, is subject to failure. In many applications, it is crucial that, if a failure occurs, the data', '- Data isolation. Because data are scattered in various files, and files may be in different formats, writing new application programs to retrieve the appropriate data is difficult.\n- Integrity problems. The data values stored in the database must satisfy certain types of consistency constraints. Suppose the university maintains an account for each department, and records the balance amount in each account. Suppose also that the university requires that the account balance of a department may never fall below zero. Developers enforce these constraints in the system by adding appropriate code in the various application programs. However, when new constraints are added, it is difficult to change the programs to enforce them. The problem is compounded when constraints involve several data items from different files.\n- Atomicity problems. A computer system, like any other device, is subject to failure. In many applications, it is crucial that, if a failure occurs, the data']","The atomicity problem in the file system arises because a computer system is subject to failures, and there is no built-in mechanism to ensure that a series of operations are completed entirely or not at all. For example, if a failure occurs during a transaction, some operations may be completed while others are not, leaving the data in an inconsistent state. This lack of atomicity makes it difficult to guarantee data consistency and recovery after failures.","A computer system, like any other device, is subject to failure. In many applications, it is crucial that, if a failure occurs, the data be restored to the consistent state that existed prior to the failure. But usual file system doesn't guarantee this atomcity.",0.89650483309461,0.9999999999833333,0.8333333333333334,0.6666666666666666,0.6666009107203623
6,how database system hides certain details of how data are stored?,"['# 1.3.1 Data Abstraction\n\nFor the system to be usable, it must retrieve data efficiently. The need for efficiency has led designers to use complex data structures to represent data in the database. Since many database-system users are not computer trained, developers hide the complexity from users through several levels of abstraction, to simplify users’ interactions with the system:', '# 1.3.1 Data Abstraction\n\nFor the system to be usable, it must retrieve data efficiently. The need for efficiency has led designers to use complex data structures to represent data in the database. Since many database-system users are not computer trained, developers hide the complexity from users through several levels of abstraction, to simplify users’ interactions with the system:', '# 1.3.1 Data Abstraction\n\nFor the system to be usable, it must retrieve data efficiently. The need for efficiency has led designers to use complex data structures to represent data in the database. Since many database-system users are not computer trained, developers hide the complexity from users through several levels of abstraction, to simplify users’ interactions with the system:', '# 1.3.1 Data Abstraction\n\nFor the system to be usable, it must retrieve data efficiently. The need for efficiency has led designers to use complex data structures to represent data in the database. Since many database-system users are not computer trained, developers hide the complexity from users through several levels of abstraction, to simplify users’ interactions with the system:', '# 1.3.1 Data Abstraction\n\nFor the system to be usable, it must retrieve data efficiently. The need for efficiency has led designers to use complex data structures to represent data in the database. Since many database-system users are not computer trained, developers hide the complexity from users through several levels of abstraction, to simplify users’ interactions with the system:', '# 1.3.1 Data Abstraction\n\nFor the system to be usable, it must retrieve data efficiently. The need for efficiency has led designers to use complex data structures to represent data in the database. Since many database-system users are not computer trained, developers hide the complexity from users through several levels of abstraction, to simplify users’ interactions with the system:']","A database system hides details of how data is stored through data abstraction, which uses several levels to simplify user interaction. These levels include the physical level (describing how data is stored), the logical level (describing what data is stored and relationships), and the view level (providing user-specific views of the data). This abstraction ensures users can interact with the system without needing to understand complex storage details.",Database system provides users with an abstract view of the data.,0.8758120018754999,0.9999999999833333,0.4,1.0,0.37640434299238
7,Please briefly introduce the 3 levels of data abstraction.,"['- Physical level. The lowest level of abstraction describes how the data are actually stored. The physical level describes complex low-level data structures in detail.\n- Logical level. The next-higher level of abstraction describes what data are stored in the database, and what relationships exist among those data. The logical level thus describes the entire database in terms of a small number of relatively simple structures. Although implementation of the simple structures at the logical level may involve complex physical-level structures, the user of the logical level does not need to be aware of this complexity. This is referred to as physical data independence. Database administrators, who must decide what information to keep in the database, use the logical level of abstraction.', '- Physical level. The lowest level of abstraction describes how the data are actually stored. The physical level describes complex low-level data structures in detail.\n- Logical level. The next-higher level of abstraction describes what data are stored in the database, and what relationships exist among those data. The logical level thus describes the entire database in terms of a small number of relatively simple structures. Although implementation of the simple structures at the logical level may involve complex physical-level structures, the user of the logical level does not need to be aware of this complexity. This is referred to as physical data independence. Database administrators, who must decide what information to keep in the database, use the logical level of abstraction.', '- Physical level. The lowest level of abstraction describes how the data are actually stored. The physical level describes complex low-level data structures in detail.\n- Logical level. The next-higher level of abstraction describes what data are stored in the database, and what relationships exist among those data. The logical level thus describes the entire database in terms of a small number of relatively simple structures. Although implementation of the simple structures at the logical level may involve complex physical-level structures, the user of the logical level does not need to be aware of this complexity. This is referred to as physical data independence. Database administrators, who must decide what information to keep in the database, use the logical level of abstraction.', '- Physical level. The lowest level of abstraction describes how the data are actually stored. The physical level describes complex low-level data structures in detail.\n- Logical level. The next-higher level of abstraction describes what data are stored in the database, and what relationships exist among those data. The logical level thus describes the entire database in terms of a small number of relatively simple structures. Although implementation of the simple structures at the logical level may involve complex physical-level structures, the user of the logical level does not need to be aware of this complexity. This is referred to as physical data independence. Database administrators, who must decide what information to keep in the database, use the logical level of abstraction.', '- Physical level. The lowest level of abstraction describes how the data are actually stored. The physical level describes complex low-level data structures in detail.\n- Logical level. The next-higher level of abstraction describes what data are stored in the database, and what relationships exist among those data. The logical level thus describes the entire database in terms of a small number of relatively simple structures. Although implementation of the simple structures at the logical level may involve complex physical-level structures, the user of the logical level does not need to be aware of this complexity. This is referred to as physical data independence. Database administrators, who must decide what information to keep in the database, use the logical level of abstraction.', '- Physical level. The lowest level of abstraction describes how the data are actually stored. The physical level describes complex low-level data structures in detail.\n- Logical level. The next-higher level of abstraction describes what data are stored in the database, and what relationships exist among those data. The logical level thus describes the entire database in terms of a small number of relatively simple structures. Although implementation of the simple structures at the logical level may involve complex physical-level structures, the user of the logical level does not need to be aware of this complexity. This is referred to as physical data independence. Database administrators, who must decide what information to keep in the database, use the logical level of abstraction.']","The three levels of data abstraction are:

1. **Physical level**: The lowest level, which describes how data is actually stored using complex low-level data structures.  
2. **Logical level**: The middle level, which describes what data is stored and the relationships among the data, using simpler structures while hiding physical storage details.  
3. **View level**: The highest level, which provides user-specific views of the data, allowing different users to see the data in a way that suits their needs.  ","Database system hides the complexity from users through several levels of abstraction, to simplify users' interactions with the system. This abstraction hierarchy consists of physical level, logical level, and view level.",0.9684438799564871,0.9999999999833333,0.5,0.5,0.7343376033602531
8,What is the characteristic of logical level in data abstraction?,"['- Physical level. The lowest level of abstraction describes how the data are actually stored. The physical level describes complex low-level data structures in detail.\n- Logical level. The next-higher level of abstraction describes what data are stored in the database, and what relationships exist among those data. The logical level thus describes the entire database in terms of a small number of relatively simple structures. Although implementation of the simple structures at the logical level may involve complex physical-level structures, the user of the logical level does not need to be aware of this complexity. This is referred to as physical data independence. Database administrators, who must decide what information to keep in the database, use the logical level of abstraction.', '- Physical level. The lowest level of abstraction describes how the data are actually stored. The physical level describes complex low-level data structures in detail.\n- Logical level. The next-higher level of abstraction describes what data are stored in the database, and what relationships exist among those data. The logical level thus describes the entire database in terms of a small number of relatively simple structures. Although implementation of the simple structures at the logical level may involve complex physical-level structures, the user of the logical level does not need to be aware of this complexity. This is referred to as physical data independence. Database administrators, who must decide what information to keep in the database, use the logical level of abstraction.', '- Physical level. The lowest level of abstraction describes how the data are actually stored. The physical level describes complex low-level data structures in detail.\n- Logical level. The next-higher level of abstraction describes what data are stored in the database, and what relationships exist among those data. The logical level thus describes the entire database in terms of a small number of relatively simple structures. Although implementation of the simple structures at the logical level may involve complex physical-level structures, the user of the logical level does not need to be aware of this complexity. This is referred to as physical data independence. Database administrators, who must decide what information to keep in the database, use the logical level of abstraction.', '- Physical level. The lowest level of abstraction describes how the data are actually stored. The physical level describes complex low-level data structures in detail.\n- Logical level. The next-higher level of abstraction describes what data are stored in the database, and what relationships exist among those data. The logical level thus describes the entire database in terms of a small number of relatively simple structures. Although implementation of the simple structures at the logical level may involve complex physical-level structures, the user of the logical level does not need to be aware of this complexity. This is referred to as physical data independence. Database administrators, who must decide what information to keep in the database, use the logical level of abstraction.', '- Physical level. The lowest level of abstraction describes how the data are actually stored. The physical level describes complex low-level data structures in detail.\n- Logical level. The next-higher level of abstraction describes what data are stored in the database, and what relationships exist among those data. The logical level thus describes the entire database in terms of a small number of relatively simple structures. Although implementation of the simple structures at the logical level may involve complex physical-level structures, the user of the logical level does not need to be aware of this complexity. This is referred to as physical data independence. Database administrators, who must decide what information to keep in the database, use the logical level of abstraction.', '- Physical level. The lowest level of abstraction describes how the data are actually stored. The physical level describes complex low-level data structures in detail.\n- Logical level. The next-higher level of abstraction describes what data are stored in the database, and what relationships exist among those data. The logical level thus describes the entire database in terms of a small number of relatively simple structures. Although implementation of the simple structures at the logical level may involve complex physical-level structures, the user of the logical level does not need to be aware of this complexity. This is referred to as physical data independence. Database administrators, who must decide what information to keep in the database, use the logical level of abstraction.']","The logical level in data abstraction describes what data is stored in the database and the relationships among the data using relatively simple structures. It hides the complexity of physical storage, providing physical data independence. Database administrators use this level to decide what information to store in the database.","Logical level describes what data are stored in the database, and what relationships exist among those data. The logical level thus describes the entire database in terms of a small number of relatively simple structures. Although implementation of the simple structures at the logical level may involve complex physical-level structures, the user of the logical level does not need to be aware of this complexity. This is referred to as physical data independence.",0.9135232556204048,0.9999999999833333,0.8333333333333334,1.0,0.6380980270529415
9,What is the other name for several schemas at the view level?,"['# Chapter 1\n\n# Introduction\n\nAt the logical level, each such record is described by a type definition, as in the previous code segment, and the interrelationship of these record types is defined as well. Programmers using a programming language work at this level of abstraction. Similarly, database administrators usually work at this level of abstraction.\n\nFinally, at the view level, computer users see a set of application programs that hide details of the data types. At the view level, several views of the database are defined, and a database user sees some or all of these views. In addition to hiding details of the logical level of the database, the views also provide a security mechanism to prevent users from accessing certain parts of the database. For example, clerks in the university registrar office can see only that part of the database that has information about students; they cannot access information about salaries of instructors.\n\n# 1.3.2 Instances and Schemas', '# Chapter 1\n\n# Introduction\n\nAt the logical level, each such record is described by a type definition, as in the previous code segment, and the interrelationship of these record types is defined as well. Programmers using a programming language work at this level of abstraction. Similarly, database administrators usually work at this level of abstraction.\n\nFinally, at the view level, computer users see a set of application programs that hide details of the data types. At the view level, several views of the database are defined, and a database user sees some or all of these views. In addition to hiding details of the logical level of the database, the views also provide a security mechanism to prevent users from accessing certain parts of the database. For example, clerks in the university registrar office can see only that part of the database that has information about students; they cannot access information about salaries of instructors.\n\n# 1.3.2 Instances and Schemas', '# Chapter 1\n\n# Introduction\n\nAt the logical level, each such record is described by a type definition, as in the previous code segment, and the interrelationship of these record types is defined as well. Programmers using a programming language work at this level of abstraction. Similarly, database administrators usually work at this level of abstraction.\n\nFinally, at the view level, computer users see a set of application programs that hide details of the data types. At the view level, several views of the database are defined, and a database user sees some or all of these views. In addition to hiding details of the logical level of the database, the views also provide a security mechanism to prevent users from accessing certain parts of the database. For example, clerks in the university registrar office can see only that part of the database that has information about students; they cannot access information about salaries of instructors.\n\n# 1.3.2 Instances and Schemas', '# Chapter 1\n\n# Introduction\n\nAt the logical level, each such record is described by a type definition, as in the previous code segment, and the interrelationship of these record types is defined as well. Programmers using a programming language work at this level of abstraction. Similarly, database administrators usually work at this level of abstraction.\n\nFinally, at the view level, computer users see a set of application programs that hide details of the data types. At the view level, several views of the database are defined, and a database user sees some or all of these views. In addition to hiding details of the logical level of the database, the views also provide a security mechanism to prevent users from accessing certain parts of the database. For example, clerks in the university registrar office can see only that part of the database that has information about students; they cannot access information about salaries of instructors.\n\n# 1.3.2 Instances and Schemas', '# Chapter 1\n\n# Introduction\n\nAt the logical level, each such record is described by a type definition, as in the previous code segment, and the interrelationship of these record types is defined as well. Programmers using a programming language work at this level of abstraction. Similarly, database administrators usually work at this level of abstraction.\n\nFinally, at the view level, computer users see a set of application programs that hide details of the data types. At the view level, several views of the database are defined, and a database user sees some or all of these views. In addition to hiding details of the logical level of the database, the views also provide a security mechanism to prevent users from accessing certain parts of the database. For example, clerks in the university registrar office can see only that part of the database that has information about students; they cannot access information about salaries of instructors.\n\n# 1.3.2 Instances and Schemas', '# Chapter 1\n\n# Introduction\n\nAt the logical level, each such record is described by a type definition, as in the previous code segment, and the interrelationship of these record types is defined as well. Programmers using a programming language work at this level of abstraction. Similarly, database administrators usually work at this level of abstraction.\n\nFinally, at the view level, computer users see a set of application programs that hide details of the data types. At the view level, several views of the database are defined, and a database user sees some or all of these views. In addition to hiding details of the logical level of the database, the views also provide a security mechanism to prevent users from accessing certain parts of the database. For example, clerks in the university registrar office can see only that part of the database that has information about students; they cannot access information about salaries of instructors.\n\n# 1.3.2 Instances and Schemas']",The other name for several schemas at the view level is **subschemas**.,We can call schemas at the view level as 'subschemas' instead.,0.9910666659505534,0.9999999999833333,0.0,0.0,0.9807975133045713
10,What is physical data indenpendence?,"['- Physical level. The lowest level of abstraction describes how the data are actually stored. The physical level describes complex low-level data structures in detail.\n- Logical level. The next-higher level of abstraction describes what data are stored in the database, and what relationships exist among those data. The logical level thus describes the entire database in terms of a small number of relatively simple structures. Although implementation of the simple structures at the logical level may involve complex physical-level structures, the user of the logical level does not need to be aware of this complexity. This is referred to as physical data independence. Database administrators, who must decide what information to keep in the database, use the logical level of abstraction.', '- Physical level. The lowest level of abstraction describes how the data are actually stored. The physical level describes complex low-level data structures in detail.\n- Logical level. The next-higher level of abstraction describes what data are stored in the database, and what relationships exist among those data. The logical level thus describes the entire database in terms of a small number of relatively simple structures. Although implementation of the simple structures at the logical level may involve complex physical-level structures, the user of the logical level does not need to be aware of this complexity. This is referred to as physical data independence. Database administrators, who must decide what information to keep in the database, use the logical level of abstraction.', '- Physical level. The lowest level of abstraction describes how the data are actually stored. The physical level describes complex low-level data structures in detail.\n- Logical level. The next-higher level of abstraction describes what data are stored in the database, and what relationships exist among those data. The logical level thus describes the entire database in terms of a small number of relatively simple structures. Although implementation of the simple structures at the logical level may involve complex physical-level structures, the user of the logical level does not need to be aware of this complexity. This is referred to as physical data independence. Database administrators, who must decide what information to keep in the database, use the logical level of abstraction.', '- Physical level. The lowest level of abstraction describes how the data are actually stored. The physical level describes complex low-level data structures in detail.\n- Logical level. The next-higher level of abstraction describes what data are stored in the database, and what relationships exist among those data. The logical level thus describes the entire database in terms of a small number of relatively simple structures. Although implementation of the simple structures at the logical level may involve complex physical-level structures, the user of the logical level does not need to be aware of this complexity. This is referred to as physical data independence. Database administrators, who must decide what information to keep in the database, use the logical level of abstraction.', '- Physical level. The lowest level of abstraction describes how the data are actually stored. The physical level describes complex low-level data structures in detail.\n- Logical level. The next-higher level of abstraction describes what data are stored in the database, and what relationships exist among those data. The logical level thus describes the entire database in terms of a small number of relatively simple structures. Although implementation of the simple structures at the logical level may involve complex physical-level structures, the user of the logical level does not need to be aware of this complexity. This is referred to as physical data independence. Database administrators, who must decide what information to keep in the database, use the logical level of abstraction.', '- Physical level. The lowest level of abstraction describes how the data are actually stored. The physical level describes complex low-level data structures in detail.\n- Logical level. The next-higher level of abstraction describes what data are stored in the database, and what relationships exist among those data. The logical level thus describes the entire database in terms of a small number of relatively simple structures. Although implementation of the simple structures at the logical level may involve complex physical-level structures, the user of the logical level does not need to be aware of this complexity. This is referred to as physical data independence. Database administrators, who must decide what information to keep in the database, use the logical level of abstraction.']",Physical data independence is the ability to modify the physical storage structures or devices without affecting the logical level or schemas of the database. It ensures that changes in how data is stored do not impact how the data is organized or accessed at higher levels of abstraction. This allows database administrators to optimize storage without disrupting the database's logical design.,"e physical schema is hidden beneath the logical schema, and can usually be changed easily without affecting application programs.",0.9830754955336504,0.9999999999833333,1.0,0.0,0.6378706877912145
11,What is the differences between procedural DMLs and Declarative DMLs?,"['Declarative DMLs are usually easier to learn and use than are procedural DMLs. However, since a user does not have to specify how to get the data, the database system has to figure out an efficient means of accessing data.\n\nA query is a statement requesting the retrieval of information. The portion of a DML that involves information retrieval is called a query language. Although technically incorrect, it is common practice to use the terms query language and data-manipulation language synonymously.\n\nThere are a number of database query languages in use, either commercially or experimentally. We study the most widely used query language, SQL, in Chapters 3, 4, and 5. We also study some other query languages in Chapter 6.', 'Declarative DMLs are usually easier to learn and use than are procedural DMLs. However, since a user does not have to specify how to get the data, the database system has to figure out an efficient means of accessing data.\n\nA query is a statement requesting the retrieval of information. The portion of a DML that involves information retrieval is called a query language. Although technically incorrect, it is common practice to use the terms query language and data-manipulation language synonymously.\n\nThere are a number of database query languages in use, either commercially or experimentally. We study the most widely used query language, SQL, in Chapters 3, 4, and 5. We also study some other query languages in Chapter 6.', 'Declarative DMLs are usually easier to learn and use than are procedural DMLs. However, since a user does not have to specify how to get the data, the database system has to figure out an efficient means of accessing data.\n\nA query is a statement requesting the retrieval of information. The portion of a DML that involves information retrieval is called a query language. Although technically incorrect, it is common practice to use the terms query language and data-manipulation language synonymously.\n\nThere are a number of database query languages in use, either commercially or experimentally. We study the most widely used query language, SQL, in Chapters 3, 4, and 5. We also study some other query languages in Chapter 6.', 'Declarative DMLs are usually easier to learn and use than are procedural DMLs. However, since a user does not have to specify how to get the data, the database system has to figure out an efficient means of accessing data.\n\nA query is a statement requesting the retrieval of information. The portion of a DML that involves information retrieval is called a query language. Although technically incorrect, it is common practice to use the terms query language and data-manipulation language synonymously.\n\nThere are a number of database query languages in use, either commercially or experimentally. We study the most widely used query language, SQL, in Chapters 3, 4, and 5. We also study some other query languages in Chapter 6.', 'Declarative DMLs are usually easier to learn and use than are procedural DMLs. However, since a user does not have to specify how to get the data, the database system has to figure out an efficient means of accessing data.\n\nA query is a statement requesting the retrieval of information. The portion of a DML that involves information retrieval is called a query language. Although technically incorrect, it is common practice to use the terms query language and data-manipulation language synonymously.\n\nThere are a number of database query languages in use, either commercially or experimentally. We study the most widely used query language, SQL, in Chapters 3, 4, and 5. We also study some other query languages in Chapter 6.', 'Declarative DMLs are usually easier to learn and use than are procedural DMLs. However, since a user does not have to specify how to get the data, the database system has to figure out an efficient means of accessing data.\n\nA query is a statement requesting the retrieval of information. The portion of a DML that involves information retrieval is called a query language. Although technically incorrect, it is common practice to use the terms query language and data-manipulation language synonymously.\n\nThere are a number of database query languages in use, either commercially or experimentally. We study the most widely used query language, SQL, in Chapters 3, 4, and 5. We also study some other query languages in Chapter 6.']","Procedural DMLs require the user to specify both what data is needed and how to retrieve it, making them more complex to use. Declarative DMLs, on the other hand, only require the user to specify what data is needed, leaving the database system to determine how to retrieve it. As a result, declarative DMLs are generally easier to learn and use than procedural DMLs.",Procedural DMLs require a user to specify what data are needed and how to get those data. But Declarative DMLs (also referred to as nonprocedural DMLs) require a user to specify what data are needed without specifying how to get those data.,0.934340388624762,0.9999999999833333,0.7142857142857143,1.0,0.5147298577911574
12,"As we can see in the 'department' table, What is the dept_name that belongs to 'Taylor' building?","['# Chapter 1\n\n# Introduction\n\nlabeled name, and a set of rows, each of which contains the name of an instructor whose dept name, is History. If the query is run on the table in Figure 1.2, the result will consist of two rows, one with the name El Said and the other with the name Califieri.\n\nQueries may involve information from more than one table. For instance, the following query finds the instructor ID and department name of all instructors associated with a department with budget of greater than $95,000.\n\nselect instructor.ID, department.dept name\nfrom instructor, department\nwhere instructor.dept name= department.dept name and\ndepartment.budget > 95000;\n\nIf the above query were run on the tables in Figure 1.2, the system would find that there are two departments with budget of greater than $95,000—Computer Science and Finance; there are five instructors in these departments. Thus, the result will consist of a table with two columns (ID, dept name) and five rows:', '# Chapter 1\n\n# Introduction\n\nlabeled name, and a set of rows, each of which contains the name of an instructor whose dept name, is History. If the query is run on the table in Figure 1.2, the result will consist of two rows, one with the name El Said and the other with the name Califieri.\n\nQueries may involve information from more than one table. For instance, the following query finds the instructor ID and department name of all instructors associated with a department with budget of greater than $95,000.\n\nselect instructor.ID, department.dept name\nfrom instructor, department\nwhere instructor.dept name= department.dept name and\ndepartment.budget > 95000;\n\nIf the above query were run on the tables in Figure 1.2, the system would find that there are two departments with budget of greater than $95,000—Computer Science and Finance; there are five instructors in these departments. Thus, the result will consist of a table with two columns (ID, dept name) and five rows:', '# Chapter 1\n\n# Introduction\n\nlabeled name, and a set of rows, each of which contains the name of an instructor whose dept name, is History. If the query is run on the table in Figure 1.2, the result will consist of two rows, one with the name El Said and the other with the name Califieri.\n\nQueries may involve information from more than one table. For instance, the following query finds the instructor ID and department name of all instructors associated with a department with budget of greater than $95,000.\n\nselect instructor.ID, department.dept name\nfrom instructor, department\nwhere instructor.dept name= department.dept name and\ndepartment.budget > 95000;\n\nIf the above query were run on the tables in Figure 1.2, the system would find that there are two departments with budget of greater than $95,000—Computer Science and Finance; there are five instructors in these departments. Thus, the result will consist of a table with two columns (ID, dept name) and five rows:', '# Chapter 1\n\n# Introduction\n\nlabeled name, and a set of rows, each of which contains the name of an instructor whose dept name, is History. If the query is run on the table in Figure 1.2, the result will consist of two rows, one with the name El Said and the other with the name Califieri.\n\nQueries may involve information from more than one table. For instance, the following query finds the instructor ID and department name of all instructors associated with a department with budget of greater than $95,000.\n\nselect instructor.ID, department.dept name\nfrom instructor, department\nwhere instructor.dept name= department.dept name and\ndepartment.budget > 95000;\n\nIf the above query were run on the tables in Figure 1.2, the system would find that there are two departments with budget of greater than $95,000—Computer Science and Finance; there are five instructors in these departments. Thus, the result will consist of a table with two columns (ID, dept name) and five rows:', '# Chapter 1\n\n# Introduction\n\nlabeled name, and a set of rows, each of which contains the name of an instructor whose dept name, is History. If the query is run on the table in Figure 1.2, the result will consist of two rows, one with the name El Said and the other with the name Califieri.\n\nQueries may involve information from more than one table. For instance, the following query finds the instructor ID and department name of all instructors associated with a department with budget of greater than $95,000.\n\nselect instructor.ID, department.dept name\nfrom instructor, department\nwhere instructor.dept name= department.dept name and\ndepartment.budget > 95000;\n\nIf the above query were run on the tables in Figure 1.2, the system would find that there are two departments with budget of greater than $95,000—Computer Science and Finance; there are five instructors in these departments. Thus, the result will consist of a table with two columns (ID, dept name) and five rows:', '# Chapter 1\n\n# Introduction\n\nlabeled name, and a set of rows, each of which contains the name of an instructor whose dept name, is History. If the query is run on the table in Figure 1.2, the result will consist of two rows, one with the name El Said and the other with the name Califieri.\n\nQueries may involve information from more than one table. For instance, the following query finds the instructor ID and department name of all instructors associated with a department with budget of greater than $95,000.\n\nselect instructor.ID, department.dept name\nfrom instructor, department\nwhere instructor.dept name= department.dept name and\ndepartment.budget > 95000;\n\nIf the above query were run on the tables in Figure 1.2, the system would find that there are two departments with budget of greater than $95,000—Computer Science and Finance; there are five instructors in these departments. Thus, the result will consist of a table with two columns (ID, dept name) and five rows:']","The context does not provide information about the 'department' table or the 'Taylor' building. Therefore, I don't know the answer.",Comp. Sci department and Elec. Eng. department belongs to the building named 'Taylor'.,0.0,0.0,0.3333333333333333,0.0,0.20744422557531797
13,"As we can see the 'instructor' table, How many professor data are stored in the instructor table?","['# Chapter 1\n\n# Introduction\n\n# 1.3\n\nList six major steps that you would take in setting up a database for a particular enterprise.\n\n# 1.4\n\nList at least 3 different types of information that a university would maintain, beyond those listed in Section 1.6.2.\n\n# 1.5\n\nSuppose you want to build a video site similar to YouTube. Consider each of the points listed in Section 1.2, as disadvantages of keeping data in a file-processing system. Discuss the relevance of each of these points to the storage of actual video data, and to metadata about the video, such as title, the user who uploaded it, tags, and which users viewed it.\n\n# 1.6\n\nKeyword queries used in Web search are quite different from database queries. List key differences between the two, in terms of the way the queries are specified, and in terms of what is the result of a query.\n\n# Exercises\n\n# 1.7\n\nList four applications you have used that most likely employed a database system to store persistent data.\n\n# 1.8', 'The query processor is important because it helps the database system to simplify and facilitate access to data. The query processor allows database users to obtain good performance while being able to work at the view level and not be burdened with understanding the physical-level details of the implementation of the system. It is the job of the database system to translate updates and queries written in a nonprocedural language, at the logical level, into an efficient sequence of operations at the physical level.\n\n# 1.7.1 Storage Manager', 'The query processor is important because it helps the database system to simplify and facilitate access to data. The query processor allows database users to obtain good performance while being able to work at the view level and not be burdened with understanding the physical-level details of the implementation of the system. It is the job of the database system to translate updates and queries written in a nonprocedural language, at the logical level, into an efficient sequence of operations at the physical level.\n\n# 1.7.1 Storage Manager', 'The query processor is important because it helps the database system to simplify and facilitate access to data. The query processor allows database users to obtain good performance while being able to work at the view level and not be burdened with understanding the physical-level details of the implementation of the system. It is the job of the database system to translate updates and queries written in a nonprocedural language, at the logical level, into an efficient sequence of operations at the physical level.\n\n# 1.7.1 Storage Manager', 'The query processor is important because it helps the database system to simplify and facilitate access to data. The query processor allows database users to obtain good performance while being able to work at the view level and not be burdened with understanding the physical-level details of the implementation of the system. It is the job of the database system to translate updates and queries written in a nonprocedural language, at the logical level, into an efficient sequence of operations at the physical level.\n\n# 1.7.1 Storage Manager', 'The query processor is important because it helps the database system to simplify and facilitate access to data. The query processor allows database users to obtain good performance while being able to work at the view level and not be burdened with understanding the physical-level details of the implementation of the system. It is the job of the database system to translate updates and queries written in a nonprocedural language, at the logical level, into an efficient sequence of operations at the physical level.\n\n# 1.7.1 Storage Manager']","The context does not provide information about the 'instructor' table or the number of professors stored in it. Therefore, I don't know the answer.",The information of 12 professors is stored in the instructor table.,0.0,0.0,0.3333333333333333,0.0,0.21591435519204827
14,"In the department table, which dept_name is with budget over 90000?","['# 1.6 Database Design\n\n|ID|name|salary|dept name|building|budget|\n|---|---|---|---|---|---|\n|22222|Einstein|95000|Physics|Watson|70000|\n|12121|Wu|90000|Finance|Painter|120000|\n|32343|El Said|60000|History|Painter|50000|\n|45565|Katz|75000|Comp. Sci.|Taylor|100000|\n|98345|Kim|80000|Elec. Eng.|Taylor|85000|\n|76766|Crick|72000|Biology|Watson|90000|\n|10101|Srinivasan|65000|Comp. Sci.|Taylor|100000|\n|58583|Califieri|62000|History|Painter|50000|\n|83821|Brandt|92000|Comp. Sci.|Taylor|100000|\n|15151|Mozart|40000|Music|Packard|80000|\n|33456|Gold|87000|Physics|Watson|70000|\n|76543|Singh|80000|Finance|Painter|120000|\n\nFigure 1.4 The faculty table.', '# 1.6 Database Design\n\n|ID|name|salary|dept name|building|budget|\n|---|---|---|---|---|---|\n|22222|Einstein|95000|Physics|Watson|70000|\n|12121|Wu|90000|Finance|Painter|120000|\n|32343|El Said|60000|History|Painter|50000|\n|45565|Katz|75000|Comp. Sci.|Taylor|100000|\n|98345|Kim|80000|Elec. Eng.|Taylor|85000|\n|76766|Crick|72000|Biology|Watson|90000|\n|10101|Srinivasan|65000|Comp. Sci.|Taylor|100000|\n|58583|Califieri|62000|History|Painter|50000|\n|83821|Brandt|92000|Comp. Sci.|Taylor|100000|\n|15151|Mozart|40000|Music|Packard|80000|\n|33456|Gold|87000|Physics|Watson|70000|\n|76543|Singh|80000|Finance|Painter|120000|\n\nFigure 1.4 The faculty table.', '# 1.6 Database Design\n\n|ID|name|salary|dept name|building|budget|\n|---|---|---|---|---|---|\n|22222|Einstein|95000|Physics|Watson|70000|\n|12121|Wu|90000|Finance|Painter|120000|\n|32343|El Said|60000|History|Painter|50000|\n|45565|Katz|75000|Comp. Sci.|Taylor|100000|\n|98345|Kim|80000|Elec. Eng.|Taylor|85000|\n|76766|Crick|72000|Biology|Watson|90000|\n|10101|Srinivasan|65000|Comp. Sci.|Taylor|100000|\n|58583|Califieri|62000|History|Painter|50000|\n|83821|Brandt|92000|Comp. Sci.|Taylor|100000|\n|15151|Mozart|40000|Music|Packard|80000|\n|33456|Gold|87000|Physics|Watson|70000|\n|76543|Singh|80000|Finance|Painter|120000|\n\nFigure 1.4 The faculty table.', '# 1.6 Database Design\n\n|ID|name|salary|dept name|building|budget|\n|---|---|---|---|---|---|\n|22222|Einstein|95000|Physics|Watson|70000|\n|12121|Wu|90000|Finance|Painter|120000|\n|32343|El Said|60000|History|Painter|50000|\n|45565|Katz|75000|Comp. Sci.|Taylor|100000|\n|98345|Kim|80000|Elec. Eng.|Taylor|85000|\n|76766|Crick|72000|Biology|Watson|90000|\n|10101|Srinivasan|65000|Comp. Sci.|Taylor|100000|\n|58583|Califieri|62000|History|Painter|50000|\n|83821|Brandt|92000|Comp. Sci.|Taylor|100000|\n|15151|Mozart|40000|Music|Packard|80000|\n|33456|Gold|87000|Physics|Watson|70000|\n|76543|Singh|80000|Finance|Painter|120000|\n\nFigure 1.4 The faculty table.', '# 1.6 Database Design\n\n|ID|name|salary|dept name|building|budget|\n|---|---|---|---|---|---|\n|22222|Einstein|95000|Physics|Watson|70000|\n|12121|Wu|90000|Finance|Painter|120000|\n|32343|El Said|60000|History|Painter|50000|\n|45565|Katz|75000|Comp. Sci.|Taylor|100000|\n|98345|Kim|80000|Elec. Eng.|Taylor|85000|\n|76766|Crick|72000|Biology|Watson|90000|\n|10101|Srinivasan|65000|Comp. Sci.|Taylor|100000|\n|58583|Califieri|62000|History|Painter|50000|\n|83821|Brandt|92000|Comp. Sci.|Taylor|100000|\n|15151|Mozart|40000|Music|Packard|80000|\n|33456|Gold|87000|Physics|Watson|70000|\n|76543|Singh|80000|Finance|Painter|120000|\n\nFigure 1.4 The faculty table.', '# 1.6 Database Design\n\n|ID|name|salary|dept name|building|budget|\n|---|---|---|---|---|---|\n|22222|Einstein|95000|Physics|Watson|70000|\n|12121|Wu|90000|Finance|Painter|120000|\n|32343|El Said|60000|History|Painter|50000|\n|45565|Katz|75000|Comp. Sci.|Taylor|100000|\n|98345|Kim|80000|Elec. Eng.|Taylor|85000|\n|76766|Crick|72000|Biology|Watson|90000|\n|10101|Srinivasan|65000|Comp. Sci.|Taylor|100000|\n|58583|Califieri|62000|History|Painter|50000|\n|83821|Brandt|92000|Comp. Sci.|Taylor|100000|\n|15151|Mozart|40000|Music|Packard|80000|\n|33456|Gold|87000|Physics|Watson|70000|\n|76543|Singh|80000|Finance|Painter|120000|\n\nFigure 1.4 The faculty table.']","The departments with a budget over 90000 are ""Finance"" and ""Comp. Sci."".",3 dept_name have more than 9000 budget.,0.929955648305937,0.9999999999833333,0.5,0.0,0.21388393997919425
